id,di_id,from_role,to_role,action,comments,acted_by,acted_at
1,1,supervisor,reviewer,approved,All critical readings within range,3,2026-03-29T09:54:08.710292
2,1,reviewer,manager,approved,Inspection data validated,4,2026-03-29T09:54:08.710292
3,1,manager,completed,approved,Closed for operations,5,2026-03-29T09:54:08.710292
4,2,supervisor,reviewer,approved,Forwarded with cooling observation,3,2026-03-29T09:54:08.710292
5,4,supervisor,creator,rejected,Supervisor reviewed inspection package,10,2025-11-29T09:30:00
6,5,supervisor,reviewer,approved,Supervisor reviewed inspection package,12,2025-11-29T21:30:00
7,5,reviewer,manager,approved,Reviewer validated findings and measurements,13,2025-11-29T22:30:00
8,5,manager,completed,approved,Manager closed the inspection successfully,14,2025-11-29T23:30:00
9,6,supervisor,reviewer,approved,Supervisor reviewed inspection package,12,2025-11-30T09:30:00
10,6,reviewer,manager,approved,Reviewer validated findings and measurements,13,2025-11-30T10:30:00
11,6,manager,completed,approved,Manager closed the inspection successfully,14,2025-11-30T11:30:00
12,7,supervisor,reviewer,approved,Supervisor reviewed inspection package,10,2025-11-30T21:30:00
13,7,reviewer,manager,approved,Reviewer validated findings and measurements,11,2025-11-30T22:30:00
14,7,manager,completed,approved,Manager closed the inspection successfully,14,2025-11-30T23:30:00
15,8,supervisor,reviewer,approved,Supervisor reviewed inspection package,10,2025-12-01T09:30:00
16,8,reviewer,manager,approved,Reviewer validated findings and measurements,11,2025-12-01T10:30:00
17,8,manager,completed,approved,Manager closed the inspection successfully,14,2025-12-01T11:30:00
18,9,supervisor,reviewer,approved,Supervisor reviewed inspection package,12,2025-12-01T21:30:00
19,9,reviewer,manager,approved,Reviewer validated findings and measurements,13,2025-12-01T22:30:00
20,9,manager,completed,approved,Manager closed the inspection successfully,14,2025-12-01T23:30:00
21,10,supervisor,creator,rejected,Supervisor reviewed inspection package,12,2025-12-02T09:30:00
22,11,supervisor,reviewer,approved,Supervisor reviewed inspection package,10,2025-12-02T21:30:00
23,11,reviewer,manager,approved,Reviewer validated findings and measurements,11,2025-12-02T22:30:00
24,11,manager,completed,approved,Manager closed the inspection successfully,14,2025-12-02T23:30:00
25,12,supervisor,reviewer,approved,Supervisor reviewed inspection package,10,2025-12-03T09:30:00
26,12,reviewer,manager,approved,Reviewer validated findings and measurements,11,2025-12-03T10:30:00
27,12,manager,completed,approved,Manager closed the inspection successfully,14,2025-12-03T11:30:00
28,13,supervisor,creator,rejected,Supervisor reviewed inspection package,12,2025-12-03T21:30:00
29,14,supervisor,reviewer,approved,Supervisor reviewed inspection package,12,2025-12-04T09:30:00
30,14,reviewer,manager,approved,Reviewer validated findings and measurements,13,2025-12-04T10:30:00
31,14,manager,completed,approved,Manager closed the inspection successfully,14,2025-12-04T11:30:00
32,15,supervisor,creator,rejected,Supervisor reviewed inspection package,10,2025-12-04T21:30:00
33,16,supervisor,reviewer,approved,Supervisor reviewed inspection package,10,2025-12-05T09:30:00
34,16,reviewer,manager,approved,Reviewer validated findings and measurements,11,2025-12-05T10:30:00
35,16,manager,completed,approved,Manager closed the inspection successfully,14,2025-12-05T11:30:00
36,17,supervisor,reviewer,approved,Supervisor reviewed inspection package,12,2025-12-05T21:30:00
37,17,reviewer,manager,approved,Reviewer validated findings and measurements,13,2025-12-05T22:30:00
38,17,manager,completed,approved,Manager closed the inspection successfully,14,2025-12-05T23:30:00
39,18,supervisor,reviewer,approved,Supervisor reviewed inspection package,12,2025-12-06T09:30:00
40,18,reviewer,manager,approved,Reviewer validated findings and measurements,13,2025-12-06T10:30:00
41,18,manager,completed,approved,Manager closed the inspection successfully,14,2025-12-06T11:30:00
42,19,supervisor,creator,rejected,Supervisor reviewed inspection package,10,2025-12-06T21:30:00
43,20,supervisor,creator,rejected,Supervisor reviewed inspection package,10,2025-12-07T09:30:00
44,21,supervisor,reviewer,approved,Supervisor reviewed inspection package,12,2025-12-07T21:30:00
45,21,reviewer,manager,approved,Reviewer validated findings and measurements,13,2025-12-07T22:30:00
46,21,manager,completed,approved,Manager closed the inspection successfully,14,2025-12-07T23:30:00
47,22,supervisor,creator,rejected,Supervisor reviewed inspection package,12,2025-12-08T09:30:00
48,23,supervisor,reviewer,approved,Supervisor reviewed inspection package,10,2025-12-08T21:30:00
49,23,reviewer,manager,approved,Reviewer validated findings and measurements,11,2025-12-08T22:30:00
50,23,manager,completed,approved,Manager closed the inspection successfully,14,2025-12-08T23:30:00
51,24,supervisor,reviewer,approved,Supervisor reviewed inspection package,10,2025-12-09T09:30:00
52,24,reviewer,manager,approved,Reviewer validated findings and measurements,11,2025-12-09T10:30:00
53,24,manager,completed,approved,Manager closed the inspection successfully,14,2025-12-09T11:30:00
54,25,supervisor,reviewer,approved,Supervisor reviewed inspection package,12,2025-12-09T21:30:00
55,25,reviewer,manager,approved,Reviewer validated findings and measurements,13,2025-12-09T22:30:00
56,25,manager,completed,approved,Manager closed the inspection successfully,14,2025-12-09T23:30:00
57,26,supervisor,reviewer,approved,Supervisor reviewed inspection package,12,2025-12-10T09:30:00
58,26,reviewer,manager,approved,Reviewer validated findings and measurements,13,2025-12-10T10:30:00
59,26,manager,completed,approved,Manager closed the inspection successfully,14,2025-12-10T11:30:00
60,27,supervisor,reviewer,approved,Supervisor reviewed inspection package,10,2025-12-10T21:30:00
61,27,reviewer,manager,approved,Reviewer validated findings and measurements,11,2025-12-10T22:30:00
62,27,manager,completed,approved,Manager closed the inspection successfully,14,2025-12-10T23:30:00
63,28,supervisor,reviewer,approved,Supervisor reviewed inspection package,10,2025-12-11T09:30:00
64,28,reviewer,manager,approved,Reviewer validated findings and measurements,11,2025-12-11T10:30:00
65,28,manager,completed,approved,Manager closed the inspection successfully,14,2025-12-11T11:30:00
66,29,supervisor,reviewer,approved,Supervisor reviewed inspection package,12,2025-12-11T21:30:00
67,29,reviewer,manager,approved,Reviewer validated findings and measurements,13,2025-12-11T22:30:00
68,29,manager,completed,approved,Manager closed the inspection successfully,14,2025-12-11T23:30:00
69,30,supervisor,reviewer,approved,Supervisor reviewed inspection package,12,2025-12-12T09:30:00
70,30,reviewer,manager,approved,Reviewer validated findings and measurements,13,2025-12-12T10:30:00
71,30,manager,completed,approved,Manager closed the inspection successfully,14,2025-12-12T11:30:00
72,31,supervisor,reviewer,approved,Supervisor reviewed inspection package,10,2025-12-12T21:30:00
73,31,reviewer,manager,approved,Reviewer validated findings and measurements,11,2025-12-12T22:30:00
74,31,manager,completed,approved,Manager closed the inspection successfully,14,2025-12-12T23:30:00
75,32,supervisor,reviewer,approved,Supervisor reviewed inspection package,10,2025-12-13T09:30:00
76,32,reviewer,manager,approved,Reviewer validated findings and measurements,11,2025-12-13T10:30:00
77,32,manager,completed,approved,Manager closed the inspection successfully,14,2025-12-13T11:30:00
78,33,supervisor,reviewer,approved,Supervisor reviewed inspection package,12,2025-12-13T21:30:00
79,33,reviewer,manager,approved,Reviewer validated findings and measurements,13,2025-12-13T22:30:00
80,33,manager,completed,approved,Manager closed the inspection successfully,14,2025-12-13T23:30:00
81,34,supervisor,reviewer,approved,Supervisor reviewed inspection package,12,2025-12-14T09:30:00
82,34,reviewer,manager,approved,Reviewer validated findings and measurements,13,2025-12-14T10:30:00
83,34,manager,completed,approved,Manager closed the inspection successfully,14,2025-12-14T11:30:00
84,35,supervisor,reviewer,approved,Supervisor reviewed inspection package,10,2025-12-14T21:30:00
85,35,reviewer,manager,approved,Reviewer validated findings and measurements,11,2025-12-14T22:30:00
86,35,manager,completed,approved,Manager closed the inspection successfully,14,2025-12-14T23:30:00
87,36,supervisor,reviewer,approved,Supervisor reviewed inspection package,10,2025-12-15T09:30:00
88,36,reviewer,manager,approved,Reviewer validated findings and measurements,11,2025-12-15T10:30:00
89,36,manager,completed,approved,Manager closed the inspection successfully,14,2025-12-15T11:30:00
90,37,supervisor,reviewer,approved,Supervisor reviewed inspection package,12,2025-12-15T21:30:00
91,37,reviewer,manager,approved,Reviewer validated findings and measurements,13,2025-12-15T22:30:00
92,37,manager,completed,approved,Manager closed the inspection successfully,14,2025-12-15T23:30:00
93,38,supervisor,reviewer,approved,Supervisor reviewed inspection package,12,2025-12-16T09:30:00
94,38,reviewer,manager,approved,Reviewer validated findings and measurements,13,2025-12-16T10:30:00
95,38,manager,completed,approved,Manager closed the inspection successfully,14,2025-12-16T11:30:00
96,39,supervisor,reviewer,approved,Supervisor reviewed inspection package,10,2025-12-16T21:30:00
97,39,reviewer,manager,approved,Reviewer validated findings and measurements,11,2025-12-16T22:30:00
98,39,manager,completed,approved,Manager closed the inspection successfully,14,2025-12-16T23:30:00
99,40,supervisor,reviewer,approved,Supervisor reviewed inspection package,10,2025-12-17T09:30:00
100,40,reviewer,manager,approved,Reviewer validated findings and measurements,11,2025-12-17T10:30:00
101,40,manager,completed,approved,Manager closed the inspection successfully,14,2025-12-17T11:30:00
102,41,supervisor,reviewer,approved,Supervisor reviewed inspection package,12,2025-12-17T21:30:00
103,41,reviewer,manager,approved,Reviewer validated findings and measurements,13,2025-12-17T22:30:00
104,41,manager,completed,approved,Manager closed the inspection successfully,14,2025-12-17T23:30:00
105,42,supervisor,reviewer,approved,Supervisor reviewed inspection package,12,2025-12-18T09:30:00
106,42,reviewer,manager,approved,Reviewer validated findings and measurements,13,2025-12-18T10:30:00
107,42,manager,completed,approved,Manager closed the inspection successfully,14,2025-12-18T11:30:00
108,43,supervisor,reviewer,approved,Supervisor reviewed inspection package,10,2025-12-18T21:30:00
109,43,reviewer,manager,approved,Reviewer validated findings and measurements,11,2025-12-18T22:30:00
110,43,manager,completed,approved,Manager closed the inspection successfully,14,2025-12-18T23:30:00
111,44,supervisor,reviewer,approved,Supervisor reviewed inspection package,10,2025-12-19T09:30:00
112,44,reviewer,manager,approved,Reviewer validated findings and measurements,11,2025-12-19T10:30:00
113,44,manager,completed,approved,Manager closed the inspection successfully,14,2025-12-19T11:30:00
114,45,supervisor,reviewer,approved,Supervisor reviewed inspection package,12,2025-12-19T21:30:00
115,45,reviewer,manager,approved,Reviewer validated findings and measurements,13,2025-12-19T22:30:00
116,45,manager,completed,approved,Manager closed the inspection successfully,14,2025-12-19T23:30:00
117,46,supervisor,creator,rejected,Supervisor reviewed inspection package,12,2025-12-20T09:30:00
118,47,supervisor,reviewer,approved,Supervisor reviewed inspection package,10,2025-12-20T21:30:00
119,47,reviewer,manager,approved,Reviewer validated findings and measurements,11,2025-12-20T22:30:00
120,47,manager,completed,approved,Manager closed the inspection successfully,14,2025-12-20T23:30:00
121,48,supervisor,reviewer,approved,Supervisor reviewed inspection package,10,2025-12-21T09:30:00
122,48,reviewer,manager,approved,Reviewer validated findings and measurements,11,2025-12-21T10:30:00
123,48,manager,completed,approved,Manager closed the inspection successfully,14,2025-12-21T11:30:00
124,49,supervisor,reviewer,approved,Supervisor reviewed inspection package,12,2025-12-21T21:30:00
125,49,reviewer,manager,approved,Reviewer validated findings and measurements,13,2025-12-21T22:30:00
126,49,manager,completed,approved,Manager closed the inspection successfully,14,2025-12-21T23:30:00
127,50,supervisor,reviewer,approved,Supervisor reviewed inspection package,12,2025-12-22T09:30:00
128,50,reviewer,manager,approved,Reviewer validated findings and measurements,13,2025-12-22T10:30:00
129,50,manager,completed,approved,Manager closed the inspection successfully,14,2025-12-22T11:30:00
130,51,supervisor,reviewer,approved,Supervisor reviewed inspection package,10,2025-12-22T21:30:00
131,51,reviewer,manager,approved,Reviewer validated findings and measurements,11,2025-12-22T22:30:00
132,51,manager,completed,approved,Manager closed the inspection successfully,14,2025-12-22T23:30:00
133,52,supervisor,reviewer,approved,Supervisor reviewed inspection package,10,2025-12-23T09:30:00
134,52,reviewer,manager,approved,Reviewer validated findings and measurements,11,2025-12-23T10:30:00
135,52,manager,completed,approved,Manager closed the inspection successfully,14,2025-12-23T11:30:00
136,53,supervisor,reviewer,approved,Supervisor reviewed inspection package,12,2025-12-23T21:30:00
137,53,reviewer,manager,approved,Reviewer validated findings and measurements,13,2025-12-23T22:30:00
138,53,manager,completed,approved,Manager closed the inspection successfully,14,2025-12-23T23:30:00
139,54,supervisor,reviewer,approved,Supervisor reviewed inspection package,12,2025-12-24T09:30:00
140,54,reviewer,manager,approved,Reviewer validated findings and measurements,13,2025-12-24T10:30:00
141,54,manager,completed,approved,Manager closed the inspection successfully,14,2025-12-24T11:30:00
142,55,supervisor,reviewer,approved,Supervisor reviewed inspection package,10,2025-12-24T21:30:00
143,55,reviewer,manager,approved,Reviewer validated findings and measurements,11,2025-12-24T22:30:00
144,55,manager,completed,approved,Manager closed the inspection successfully,14,2025-12-24T23:30:00
145,56,supervisor,reviewer,approved,Supervisor reviewed inspection package,10,2025-12-25T09:30:00
146,56,reviewer,manager,approved,Reviewer validated findings and measurements,11,2025-12-25T10:30:00
147,56,manager,completed,approved,Manager closed the inspection successfully,14,2025-12-25T11:30:00
148,57,supervisor,reviewer,approved,Supervisor reviewed inspection package,12,2025-12-25T21:30:00
149,57,reviewer,manager,approved,Reviewer validated findings and measurements,13,2025-12-25T22:30:00
150,57,manager,completed,approved,Manager closed the inspection successfully,14,2025-12-25T23:30:00
151,58,supervisor,creator,rejected,Supervisor reviewed inspection package,12,2025-12-26T09:30:00
152,59,supervisor,reviewer,approved,Supervisor reviewed inspection package,10,2025-12-26T21:30:00
153,59,reviewer,manager,approved,Reviewer validated findings and measurements,11,2025-12-26T22:30:00
154,59,manager,completed,approved,Manager closed the inspection successfully,14,2025-12-26T23:30:00
155,60,supervisor,reviewer,approved,Supervisor reviewed inspection package,10,2025-12-27T09:30:00
156,60,reviewer,manager,approved,Reviewer validated findings and measurements,11,2025-12-27T10:30:00
157,60,manager,completed,approved,Manager closed the inspection successfully,14,2025-12-27T11:30:00
158,61,supervisor,reviewer,approved,Supervisor reviewed inspection package,12,2025-12-27T21:30:00
159,61,reviewer,manager,approved,Reviewer validated findings and measurements,13,2025-12-27T22:30:00
160,61,manager,completed,approved,Manager closed the inspection successfully,14,2025-12-27T23:30:00
161,62,supervisor,reviewer,approved,Supervisor reviewed inspection package,12,2025-12-28T09:30:00
162,62,reviewer,manager,approved,Reviewer validated findings and measurements,13,2025-12-28T10:30:00
163,62,manager,completed,approved,Manager closed the inspection successfully,14,2025-12-28T11:30:00
164,63,supervisor,creator,rejected,Supervisor reviewed inspection package,10,2025-12-28T21:30:00
165,64,supervisor,reviewer,approved,Supervisor reviewed inspection package,10,2025-12-29T09:30:00
166,64,reviewer,manager,approved,Reviewer validated findings and measurements,11,2025-12-29T10:30:00
167,64,manager,completed,approved,Manager closed the inspection successfully,14,2025-12-29T11:30:00
168,65,supervisor,reviewer,approved,Supervisor reviewed inspection package,12,2025-12-29T21:30:00
169,65,reviewer,manager,approved,Reviewer validated findings and measurements,13,2025-12-29T22:30:00
170,65,manager,completed,approved,Manager closed the inspection successfully,14,2025-12-29T23:30:00
171,66,supervisor,reviewer,approved,Supervisor reviewed inspection package,12,2025-12-30T09:30:00
172,66,reviewer,manager,approved,Reviewer validated findings and measurements,13,2025-12-30T10:30:00
173,66,manager,completed,approved,Manager closed the inspection successfully,14,2025-12-30T11:30:00
174,67,supervisor,reviewer,approved,Supervisor reviewed inspection package,10,2025-12-30T21:30:00
175,67,reviewer,manager,approved,Reviewer validated findings and measurements,11,2025-12-30T22:30:00
176,67,manager,completed,approved,Manager closed the inspection successfully,14,2025-12-30T23:30:00
177,68,supervisor,reviewer,approved,Supervisor reviewed inspection package,10,2025-12-31T09:30:00
178,68,reviewer,manager,approved,Reviewer validated findings and measurements,11,2025-12-31T10:30:00
179,68,manager,completed,approved,Manager closed the inspection successfully,14,2025-12-31T11:30:00
180,69,supervisor,reviewer,approved,Supervisor reviewed inspection package,12,2025-12-31T21:30:00
181,69,reviewer,manager,approved,Reviewer validated findings and measurements,13,2025-12-31T22:30:00
182,69,manager,completed,approved,Manager closed the inspection successfully,14,2025-12-31T23:30:00
183,70,supervisor,reviewer,approved,Supervisor reviewed inspection package,12,2026-01-01T09:30:00
184,70,reviewer,manager,approved,Reviewer validated findings and measurements,13,2026-01-01T10:30:00
185,70,manager,completed,approved,Manager closed the inspection successfully,14,2026-01-01T11:30:00
186,71,supervisor,creator,rejected,Supervisor reviewed inspection package,10,2026-01-01T21:30:00
187,72,supervisor,reviewer,approved,Supervisor reviewed inspection package,10,2026-01-02T09:30:00
188,72,reviewer,manager,approved,Reviewer validated findings and measurements,11,2026-01-02T10:30:00
189,72,manager,completed,approved,Manager closed the inspection successfully,14,2026-01-02T11:30:00
190,73,supervisor,reviewer,approved,Supervisor reviewed inspection package,12,2026-01-02T21:30:00
191,73,reviewer,manager,approved,Reviewer validated findings and measurements,13,2026-01-02T22:30:00
192,73,manager,completed,approved,Manager closed the inspection successfully,14,2026-01-02T23:30:00
193,74,supervisor,reviewer,approved,Supervisor reviewed inspection package,12,2026-01-03T09:30:00
194,74,reviewer,manager,approved,Reviewer validated findings and measurements,13,2026-01-03T10:30:00
195,74,manager,completed,approved,Manager closed the inspection successfully,14,2026-01-03T11:30:00
196,75,supervisor,reviewer,approved,Supervisor reviewed inspection package,10,2026-01-03T21:30:00
197,75,reviewer,manager,approved,Reviewer validated findings and measurements,11,2026-01-03T22:30:00
198,75,manager,completed,approved,Manager closed the inspection successfully,14,2026-01-03T23:30:00
199,76,supervisor,reviewer,approved,Supervisor reviewed inspection package,10,2026-01-04T09:30:00
200,76,reviewer,manager,approved,Reviewer validated findings and measurements,11,2026-01-04T10:30:00
201,76,manager,completed,approved,Manager closed the inspection successfully,14,2026-01-04T11:30:00
202,77,supervisor,creator,rejected,Supervisor reviewed inspection package,12,2026-01-04T21:30:00
203,78,supervisor,reviewer,approved,Supervisor reviewed inspection package,12,2026-01-05T09:30:00
204,78,reviewer,manager,approved,Reviewer validated findings and measurements,13,2026-01-05T10:30:00
205,78,manager,completed,approved,Manager closed the inspection successfully,14,2026-01-05T11:30:00
206,79,supervisor,reviewer,approved,Supervisor reviewed inspection package,10,2026-01-05T21:30:00
207,79,reviewer,manager,approved,Reviewer validated findings and measurements,11,2026-01-05T22:30:00
208,79,manager,completed,approved,Manager closed the inspection successfully,14,2026-01-05T23:30:00
209,80,supervisor,reviewer,approved,Supervisor reviewed inspection package,10,2026-01-06T09:30:00
210,80,reviewer,manager,approved,Reviewer validated findings and measurements,11,2026-01-06T10:30:00
211,80,manager,completed,approved,Manager closed the inspection successfully,14,2026-01-06T11:30:00
212,81,supervisor,reviewer,approved,Supervisor reviewed inspection package,12,2026-01-06T21:30:00
213,81,reviewer,manager,approved,Reviewer validated findings and measurements,13,2026-01-06T22:30:00
214,81,manager,completed,approved,Manager closed the inspection successfully,14,2026-01-06T23:30:00
215,82,supervisor,reviewer,approved,Supervisor reviewed inspection package,12,2026-01-07T09:30:00
216,82,reviewer,manager,approved,Reviewer validated findings and measurements,13,2026-01-07T10:30:00
217,82,manager,completed,approved,Manager closed the inspection successfully,14,2026-01-07T11:30:00
218,83,supervisor,reviewer,approved,Supervisor reviewed inspection package,10,2026-01-07T21:30:00
219,83,reviewer,manager,approved,Reviewer validated findings and measurements,11,2026-01-07T22:30:00
220,83,manager,completed,approved,Manager closed the inspection successfully,14,2026-01-07T23:30:00
221,84,supervisor,reviewer,approved,Supervisor reviewed inspection package,10,2026-01-08T09:30:00
222,84,reviewer,manager,approved,Reviewer validated findings and measurements,11,2026-01-08T10:30:00
223,84,manager,completed,approved,Manager closed the inspection successfully,14,2026-01-08T11:30:00
224,85,supervisor,reviewer,approved,Supervisor reviewed inspection package,12,2026-01-08T21:30:00
225,85,reviewer,manager,approved,Reviewer validated findings and measurements,13,2026-01-08T22:30:00
226,85,manager,completed,approved,Manager closed the inspection successfully,14,2026-01-08T23:30:00
227,86,supervisor,reviewer,approved,Supervisor reviewed inspection package,12,2026-01-09T09:30:00
228,86,reviewer,manager,approved,Reviewer validated findings and measurements,13,2026-01-09T10:30:00
229,86,manager,completed,approved,Manager closed the inspection successfully,14,2026-01-09T11:30:00
230,87,supervisor,reviewer,approved,Supervisor reviewed inspection package,10,2026-01-09T21:30:00
231,87,reviewer,manager,approved,Reviewer validated findings and measurements,11,2026-01-09T22:30:00
232,87,manager,completed,approved,Manager closed the inspection successfully,14,2026-01-09T23:30:00
233,88,supervisor,reviewer,approved,Supervisor reviewed inspection package,10,2026-01-10T09:30:00
234,88,reviewer,manager,approved,Reviewer validated findings and measurements,11,2026-01-10T10:30:00
235,88,manager,completed,approved,Manager closed the inspection successfully,14,2026-01-10T11:30:00
236,89,supervisor,reviewer,approved,Supervisor reviewed inspection package,12,2026-01-10T21:30:00
237,89,reviewer,manager,approved,Reviewer validated findings and measurements,13,2026-01-10T22:30:00
238,89,manager,completed,approved,Manager closed the inspection successfully,14,2026-01-10T23:30:00
239,90,supervisor,reviewer,approved,Supervisor reviewed inspection package,12,2026-01-11T09:30:00
240,90,reviewer,manager,approved,Reviewer validated findings and measurements,13,2026-01-11T10:30:00
241,90,manager,completed,approved,Manager closed the inspection successfully,14,2026-01-11T11:30:00
242,91,supervisor,reviewer,approved,Supervisor reviewed inspection package,10,2026-01-11T21:30:00
243,91,reviewer,manager,approved,Reviewer validated findings and measurements,11,2026-01-11T22:30:00
244,91,manager,completed,approved,Manager closed the inspection successfully,14,2026-01-11T23:30:00
245,92,supervisor,reviewer,approved,Supervisor reviewed inspection package,10,2026-01-12T09:30:00
246,92,reviewer,manager,approved,Reviewer validated findings and measurements,11,2026-01-12T10:30:00
247,92,manager,completed,approved,Manager closed the inspection successfully,14,2026-01-12T11:30:00
248,93,supervisor,reviewer,approved,Supervisor reviewed inspection package,12,2026-01-12T21:30:00
249,93,reviewer,manager,approved,Reviewer validated findings and measurements,13,2026-01-12T22:30:00
250,93,manager,completed,approved,Manager closed the inspection successfully,14,2026-01-12T23:30:00
251,94,supervisor,reviewer,approved,Supervisor reviewed inspection package,12,2026-01-13T09:30:00
252,94,reviewer,manager,approved,Reviewer validated findings and measurements,13,2026-01-13T10:30:00
253,94,manager,completed,approved,Manager closed the inspection successfully,14,2026-01-13T11:30:00
254,95,supervisor,reviewer,approved,Supervisor reviewed inspection package,10,2026-01-13T21:30:00
255,95,reviewer,manager,approved,Reviewer validated findings and measurements,11,2026-01-13T22:30:00
256,95,manager,completed,approved,Manager closed the inspection successfully,14,2026-01-13T23:30:00
257,96,supervisor,reviewer,approved,Supervisor reviewed inspection package,10,2026-01-14T09:30:00
258,96,reviewer,manager,approved,Reviewer validated findings and measurements,11,2026-01-14T10:30:00
259,96,manager,completed,approved,Manager closed the inspection successfully,14,2026-01-14T11:30:00
260,97,supervisor,reviewer,approved,Supervisor reviewed inspection package,12,2026-01-14T21:30:00
261,97,reviewer,manager,approved,Reviewer validated findings and measurements,13,2026-01-14T22:30:00
262,97,manager,completed,approved,Manager closed the inspection successfully,14,2026-01-14T23:30:00
263,98,supervisor,reviewer,approved,Supervisor reviewed inspection package,12,2026-01-15T09:30:00
264,98,reviewer,manager,approved,Reviewer validated findings and measurements,13,2026-01-15T10:30:00
265,98,manager,completed,approved,Manager closed the inspection successfully,14,2026-01-15T11:30:00
266,99,supervisor,reviewer,approved,Supervisor reviewed inspection package,10,2026-01-15T21:30:00
267,99,reviewer,manager,approved,Reviewer validated findings and measurements,11,2026-01-15T22:30:00
268,99,manager,completed,approved,Manager closed the inspection successfully,14,2026-01-15T23:30:00
269,100,supervisor,reviewer,approved,Supervisor reviewed inspection package,10,2026-01-16T09:30:00
270,100,reviewer,manager,approved,Reviewer validated findings and measurements,11,2026-01-16T10:30:00
271,100,manager,completed,approved,Manager closed the inspection successfully,14,2026-01-16T11:30:00
272,101,supervisor,reviewer,approved,Supervisor reviewed inspection package,12,2026-01-16T21:30:00
273,101,reviewer,manager,approved,Reviewer validated findings and measurements,13,2026-01-16T22:30:00
274,101,manager,completed,approved,Manager closed the inspection successfully,14,2026-01-16T23:30:00
275,102,supervisor,reviewer,approved,Supervisor reviewed inspection package,12,2026-01-17T09:30:00
276,102,reviewer,manager,approved,Reviewer validated findings and measurements,13,2026-01-17T10:30:00
277,102,manager,completed,approved,Manager closed the inspection successfully,14,2026-01-17T11:30:00
278,103,supervisor,reviewer,approved,Supervisor reviewed inspection package,10,2026-01-17T21:30:00
279,103,reviewer,manager,approved,Reviewer validated findings and measurements,11,2026-01-17T22:30:00
280,103,manager,completed,approved,Manager closed the inspection successfully,14,2026-01-17T23:30:00
281,104,supervisor,reviewer,approved,Supervisor reviewed inspection package,10,2026-01-18T09:30:00
282,104,reviewer,manager,approved,Reviewer validated findings and measurements,11,2026-01-18T10:30:00
283,104,manager,completed,approved,Manager closed the inspection successfully,14,2026-01-18T11:30:00
284,105,supervisor,reviewer,approved,Supervisor reviewed inspection package,12,2026-01-18T21:30:00
285,105,reviewer,manager,approved,Reviewer validated findings and measurements,13,2026-01-18T22:30:00
286,105,manager,completed,approved,Manager closed the inspection successfully,14,2026-01-18T23:30:00
287,106,supervisor,reviewer,approved,Supervisor reviewed inspection package,12,2026-01-19T09:30:00
288,106,reviewer,manager,approved,Reviewer validated findings and measurements,13,2026-01-19T10:30:00
289,106,manager,completed,approved,Manager closed the inspection successfully,14,2026-01-19T11:30:00
290,107,supervisor,reviewer,approved,Supervisor reviewed inspection package,10,2026-01-19T21:30:00
291,107,reviewer,manager,approved,Reviewer validated findings and measurements,11,2026-01-19T22:30:00
292,107,manager,completed,approved,Manager closed the inspection successfully,14,2026-01-19T23:30:00
293,108,supervisor,reviewer,approved,Supervisor reviewed inspection package,10,2026-01-20T09:30:00
294,108,reviewer,manager,approved,Reviewer validated findings and measurements,11,2026-01-20T10:30:00
295,108,manager,completed,approved,Manager closed the inspection successfully,14,2026-01-20T11:30:00
296,109,supervisor,reviewer,approved,Supervisor reviewed inspection package,12,2026-01-20T21:30:00
297,109,reviewer,manager,approved,Reviewer validated findings and measurements,13,2026-01-20T22:30:00
298,109,manager,completed,approved,Manager closed the inspection successfully,14,2026-01-20T23:30:00
299,110,supervisor,reviewer,approved,Supervisor reviewed inspection package,12,2026-01-21T09:30:00
300,110,reviewer,manager,approved,Reviewer validated findings and measurements,13,2026-01-21T10:30:00
301,110,manager,completed,approved,Manager closed the inspection successfully,14,2026-01-21T11:30:00
302,111,supervisor,reviewer,approved,Supervisor reviewed inspection package,10,2026-01-21T21:30:00
303,111,reviewer,manager,approved,Reviewer validated findings and measurements,11,2026-01-21T22:30:00
304,111,manager,completed,approved,Manager closed the inspection successfully,14,2026-01-21T23:30:00
305,112,supervisor,reviewer,approved,Supervisor reviewed inspection package,10,2026-01-22T09:30:00
306,112,reviewer,manager,approved,Reviewer validated findings and measurements,11,2026-01-22T10:30:00
307,112,manager,completed,approved,Manager closed the inspection successfully,14,2026-01-22T11:30:00
308,113,supervisor,reviewer,approved,Supervisor reviewed inspection package,12,2026-01-22T21:30:00
309,113,reviewer,manager,approved,Reviewer validated findings and measurements,13,2026-01-22T22:30:00
310,113,manager,completed,approved,Manager closed the inspection successfully,14,2026-01-22T23:30:00
311,114,supervisor,reviewer,approved,Supervisor reviewed inspection package,12,2026-01-23T09:30:00
312,114,reviewer,manager,approved,Reviewer validated findings and measurements,13,2026-01-23T10:30:00
313,114,manager,completed,approved,Manager closed the inspection successfully,14,2026-01-23T11:30:00
314,115,supervisor,reviewer,approved,Supervisor reviewed inspection package,10,2026-01-23T21:30:00
315,115,reviewer,manager,approved,Reviewer validated findings and measurements,11,2026-01-23T22:30:00
316,115,manager,completed,approved,Manager closed the inspection successfully,14,2026-01-23T23:30:00
317,116,supervisor,reviewer,approved,Supervisor reviewed inspection package,10,2026-01-24T09:30:00
318,116,reviewer,manager,approved,Reviewer validated findings and measurements,11,2026-01-24T10:30:00
319,116,manager,completed,approved,Manager closed the inspection successfully,14,2026-01-24T11:30:00
320,117,supervisor,reviewer,approved,Supervisor reviewed inspection package,12,2026-01-24T21:30:00
321,117,reviewer,manager,approved,Reviewer validated findings and measurements,13,2026-01-24T22:30:00
322,117,manager,completed,approved,Manager closed the inspection successfully,14,2026-01-24T23:30:00
323,118,supervisor,creator,rejected,Supervisor reviewed inspection package,12,2026-01-25T09:30:00
324,119,supervisor,reviewer,approved,Supervisor reviewed inspection package,10,2026-01-25T21:30:00
325,119,reviewer,manager,approved,Reviewer validated findings and measurements,11,2026-01-25T22:30:00
326,119,manager,completed,approved,Manager closed the inspection successfully,14,2026-01-25T23:30:00
327,120,supervisor,reviewer,approved,Supervisor reviewed inspection package,10,2026-01-26T09:30:00
328,120,reviewer,manager,approved,Reviewer validated findings and measurements,11,2026-01-26T10:30:00
329,120,manager,completed,approved,Manager closed the inspection successfully,14,2026-01-26T11:30:00
330,121,supervisor,reviewer,approved,Supervisor reviewed inspection package,12,2026-01-26T21:30:00
331,121,reviewer,manager,approved,Reviewer validated findings and measurements,13,2026-01-26T22:30:00
332,121,manager,completed,approved,Manager closed the inspection successfully,14,2026-01-26T23:30:00
333,122,supervisor,reviewer,approved,Supervisor reviewed inspection package,12,2026-01-27T09:30:00
334,122,reviewer,manager,approved,Reviewer validated findings and measurements,13,2026-01-27T10:30:00
335,122,manager,completed,approved,Manager closed the inspection successfully,14,2026-01-27T11:30:00
336,123,supervisor,reviewer,approved,Supervisor reviewed inspection package,10,2026-01-27T21:30:00
337,123,reviewer,manager,approved,Reviewer validated findings and measurements,11,2026-01-27T22:30:00
338,123,manager,completed,approved,Manager closed the inspection successfully,14,2026-01-27T23:30:00
339,124,supervisor,reviewer,approved,Supervisor reviewed inspection package,10,2026-01-28T09:30:00
340,124,reviewer,manager,approved,Reviewer validated findings and measurements,11,2026-01-28T10:30:00
341,124,manager,completed,approved,Manager closed the inspection successfully,14,2026-01-28T11:30:00
342,125,supervisor,reviewer,approved,Supervisor reviewed inspection package,12,2026-01-28T21:30:00
343,125,reviewer,manager,approved,Reviewer validated findings and measurements,13,2026-01-28T22:30:00
344,125,manager,completed,approved,Manager closed the inspection successfully,14,2026-01-28T23:30:00
345,126,supervisor,reviewer,approved,Supervisor reviewed inspection package,12,2026-01-29T09:30:00
346,126,reviewer,manager,approved,Reviewer validated findings and measurements,13,2026-01-29T10:30:00
347,126,manager,completed,approved,Manager closed the inspection successfully,14,2026-01-29T11:30:00
348,127,supervisor,reviewer,approved,Supervisor reviewed inspection package,10,2026-01-29T21:30:00
349,127,reviewer,manager,approved,Reviewer validated findings and measurements,11,2026-01-29T22:30:00
350,127,manager,completed,approved,Manager closed the inspection successfully,14,2026-01-29T23:30:00
351,128,supervisor,reviewer,approved,Supervisor reviewed inspection package,10,2026-01-30T09:30:00
352,128,reviewer,manager,approved,Reviewer validated findings and measurements,11,2026-01-30T10:30:00
353,128,manager,completed,approved,Manager closed the inspection successfully,14,2026-01-30T11:30:00
354,129,supervisor,reviewer,approved,Supervisor reviewed inspection package,12,2026-01-30T21:30:00
355,129,reviewer,manager,approved,Reviewer validated findings and measurements,13,2026-01-30T22:30:00
356,129,manager,completed,approved,Manager closed the inspection successfully,14,2026-01-30T23:30:00
357,130,supervisor,reviewer,approved,Supervisor reviewed inspection package,12,2026-01-31T09:30:00
358,130,reviewer,manager,approved,Reviewer validated findings and measurements,13,2026-01-31T10:30:00
359,130,manager,completed,approved,Manager closed the inspection successfully,14,2026-01-31T11:30:00
360,131,supervisor,reviewer,approved,Supervisor reviewed inspection package,10,2026-01-31T21:30:00
361,131,reviewer,manager,approved,Reviewer validated findings and measurements,11,2026-01-31T22:30:00
362,131,manager,completed,approved,Manager closed the inspection successfully,14,2026-01-31T23:30:00
363,132,supervisor,reviewer,approved,Supervisor reviewed inspection package,10,2026-02-01T09:30:00
364,132,reviewer,manager,approved,Reviewer validated findings and measurements,11,2026-02-01T10:30:00
365,132,manager,completed,approved,Manager closed the inspection successfully,14,2026-02-01T11:30:00
366,133,supervisor,reviewer,approved,Supervisor reviewed inspection package,12,2026-02-01T21:30:00
367,133,reviewer,manager,approved,Reviewer validated findings and measurements,13,2026-02-01T22:30:00
368,133,manager,completed,approved,Manager closed the inspection successfully,14,2026-02-01T23:30:00
369,134,supervisor,reviewer,approved,Supervisor reviewed inspection package,12,2026-02-02T09:30:00
370,134,reviewer,manager,approved,Reviewer validated findings and measurements,13,2026-02-02T10:30:00
371,134,manager,completed,approved,Manager closed the inspection successfully,14,2026-02-02T11:30:00
372,135,supervisor,reviewer,approved,Supervisor reviewed inspection package,10,2026-02-02T21:30:00
373,135,reviewer,manager,approved,Reviewer validated findings and measurements,11,2026-02-02T22:30:00
374,135,manager,completed,approved,Manager closed the inspection successfully,14,2026-02-02T23:30:00
375,136,supervisor,reviewer,approved,Supervisor reviewed inspection package,10,2026-02-03T09:30:00
376,136,reviewer,manager,approved,Reviewer validated findings and measurements,11,2026-02-03T10:30:00
377,136,manager,completed,approved,Manager closed the inspection successfully,14,2026-02-03T11:30:00
378,137,supervisor,reviewer,approved,Supervisor reviewed inspection package,12,2026-02-03T21:30:00
379,137,reviewer,manager,approved,Reviewer validated findings and measurements,13,2026-02-03T22:30:00
380,137,manager,completed,approved,Manager closed the inspection successfully,14,2026-02-03T23:30:00
381,138,supervisor,reviewer,approved,Supervisor reviewed inspection package,12,2026-02-04T09:30:00
382,138,reviewer,manager,approved,Reviewer validated findings and measurements,13,2026-02-04T10:30:00
383,138,manager,completed,approved,Manager closed the inspection successfully,14,2026-02-04T11:30:00
384,139,supervisor,reviewer,approved,Supervisor reviewed inspection package,10,2026-02-04T21:30:00
385,139,reviewer,manager,approved,Reviewer validated findings and measurements,11,2026-02-04T22:30:00
386,139,manager,completed,approved,Manager closed the inspection successfully,14,2026-02-04T23:30:00
387,140,supervisor,reviewer,approved,Supervisor reviewed inspection package,10,2026-02-05T09:30:00
388,140,reviewer,manager,approved,Reviewer validated findings and measurements,11,2026-02-05T10:30:00
389,140,manager,completed,approved,Manager closed the inspection successfully,14,2026-02-05T11:30:00
390,141,supervisor,creator,rejected,Supervisor reviewed inspection package,12,2026-02-05T21:30:00
391,142,supervisor,reviewer,approved,Supervisor reviewed inspection package,12,2026-02-06T09:30:00
392,142,reviewer,manager,approved,Reviewer validated findings and measurements,13,2026-02-06T10:30:00
393,142,manager,completed,approved,Manager closed the inspection successfully,14,2026-02-06T11:30:00
394,143,supervisor,reviewer,approved,Supervisor reviewed inspection package,10,2026-02-06T21:30:00
395,143,reviewer,manager,approved,Reviewer validated findings and measurements,11,2026-02-06T22:30:00
396,143,manager,completed,approved,Manager closed the inspection successfully,14,2026-02-06T23:30:00
397,144,supervisor,reviewer,approved,Supervisor reviewed inspection package,10,2026-02-07T09:30:00
398,144,reviewer,manager,approved,Reviewer validated findings and measurements,11,2026-02-07T10:30:00
399,144,manager,completed,approved,Manager closed the inspection successfully,14,2026-02-07T11:30:00
400,145,supervisor,reviewer,approved,Supervisor reviewed inspection package,12,2026-02-07T21:30:00
401,145,reviewer,manager,approved,Reviewer validated findings and measurements,13,2026-02-07T22:30:00
402,145,manager,completed,approved,Manager closed the inspection successfully,14,2026-02-07T23:30:00
403,146,supervisor,reviewer,approved,Supervisor reviewed inspection package,12,2026-02-08T09:30:00
404,146,reviewer,manager,approved,Reviewer validated findings and measurements,13,2026-02-08T10:30:00
405,146,manager,completed,approved,Manager closed the inspection successfully,14,2026-02-08T11:30:00
406,147,supervisor,reviewer,approved,Supervisor reviewed inspection package,10,2026-02-08T21:30:00
407,147,reviewer,manager,approved,Reviewer validated findings and measurements,11,2026-02-08T22:30:00
408,147,manager,completed,approved,Manager closed the inspection successfully,14,2026-02-08T23:30:00
409,148,supervisor,reviewer,approved,Supervisor reviewed inspection package,10,2026-02-09T09:30:00
410,148,reviewer,manager,approved,Reviewer validated findings and measurements,11,2026-02-09T10:30:00
411,148,manager,completed,approved,Manager closed the inspection successfully,14,2026-02-09T11:30:00
412,149,supervisor,reviewer,approved,Supervisor reviewed inspection package,12,2026-02-09T21:30:00
413,149,reviewer,manager,approved,Reviewer validated findings and measurements,13,2026-02-09T22:30:00
414,149,manager,completed,approved,Manager closed the inspection successfully,14,2026-02-09T23:30:00
415,150,supervisor,reviewer,approved,Supervisor reviewed inspection package,12,2026-02-10T09:30:00
416,150,reviewer,manager,approved,Reviewer validated findings and measurements,13,2026-02-10T10:30:00
417,150,manager,completed,approved,Manager closed the inspection successfully,14,2026-02-10T11:30:00
418,151,supervisor,reviewer,approved,Supervisor reviewed inspection package,10,2026-02-10T21:30:00
419,151,reviewer,manager,approved,Reviewer validated findings and measurements,11,2026-02-10T22:30:00
420,151,manager,completed,approved,Manager closed the inspection successfully,14,2026-02-10T23:30:00
421,152,supervisor,reviewer,approved,Supervisor reviewed inspection package,10,2026-02-11T09:30:00
422,152,reviewer,manager,approved,Reviewer validated findings and measurements,11,2026-02-11T10:30:00
423,152,manager,completed,approved,Manager closed the inspection successfully,14,2026-02-11T11:30:00
424,153,supervisor,reviewer,approved,Supervisor reviewed inspection package,12,2026-02-11T21:30:00
425,153,reviewer,manager,approved,Reviewer validated findings and measurements,13,2026-02-11T22:30:00
426,153,manager,completed,approved,Manager closed the inspection successfully,14,2026-02-11T23:30:00
427,154,supervisor,reviewer,approved,Supervisor reviewed inspection package,12,2026-02-12T09:30:00
428,154,reviewer,manager,approved,Reviewer validated findings and measurements,13,2026-02-12T10:30:00
429,154,manager,completed,approved,Manager closed the inspection successfully,14,2026-02-12T11:30:00
430,155,supervisor,reviewer,approved,Supervisor reviewed inspection package,10,2026-02-12T21:30:00
431,155,reviewer,manager,approved,Reviewer validated findings and measurements,11,2026-02-12T22:30:00
432,155,manager,completed,approved,Manager closed the inspection successfully,14,2026-02-12T23:30:00
433,156,supervisor,reviewer,approved,Supervisor reviewed inspection package,10,2026-02-13T09:30:00
434,156,reviewer,manager,approved,Reviewer validated findings and measurements,11,2026-02-13T10:30:00
435,156,manager,completed,approved,Manager closed the inspection successfully,14,2026-02-13T11:30:00
436,157,supervisor,reviewer,approved,Supervisor reviewed inspection package,12,2026-02-13T21:30:00
437,157,reviewer,manager,approved,Reviewer validated findings and measurements,13,2026-02-13T22:30:00
438,157,manager,completed,approved,Manager closed the inspection successfully,14,2026-02-13T23:30:00
439,158,supervisor,reviewer,approved,Supervisor reviewed inspection package,12,2026-02-14T09:30:00
440,158,reviewer,manager,approved,Reviewer validated findings and measurements,13,2026-02-14T10:30:00
441,158,manager,completed,approved,Manager closed the inspection successfully,14,2026-02-14T11:30:00
442,159,supervisor,reviewer,approved,Supervisor reviewed inspection package,10,2026-02-14T21:30:00
443,159,reviewer,manager,approved,Reviewer validated findings and measurements,11,2026-02-14T22:30:00
444,159,manager,completed,approved,Manager closed the inspection successfully,14,2026-02-14T23:30:00
445,160,supervisor,reviewer,approved,Supervisor reviewed inspection package,10,2026-02-15T09:30:00
446,160,reviewer,manager,approved,Reviewer validated findings and measurements,11,2026-02-15T10:30:00
447,160,manager,completed,approved,Manager closed the inspection successfully,14,2026-02-15T11:30:00
448,161,supervisor,reviewer,approved,Supervisor reviewed inspection package,12,2026-02-15T21:30:00
449,161,reviewer,manager,approved,Reviewer validated findings and measurements,13,2026-02-15T22:30:00
450,161,manager,completed,approved,Manager closed the inspection successfully,14,2026-02-15T23:30:00
451,162,supervisor,reviewer,approved,Supervisor reviewed inspection package,12,2026-02-16T09:30:00
452,162,reviewer,manager,approved,Reviewer validated findings and measurements,13,2026-02-16T10:30:00
453,162,manager,completed,approved,Manager closed the inspection successfully,14,2026-02-16T11:30:00
454,163,supervisor,reviewer,approved,Supervisor reviewed inspection package,10,2026-02-16T21:30:00
455,163,reviewer,manager,approved,Reviewer validated findings and measurements,11,2026-02-16T22:30:00
456,163,manager,completed,approved,Manager closed the inspection successfully,14,2026-02-16T23:30:00
457,164,supervisor,creator,rejected,Supervisor reviewed inspection package,10,2026-02-17T09:30:00
458,165,supervisor,reviewer,approved,Supervisor reviewed inspection package,12,2026-02-17T21:30:00
459,165,reviewer,manager,approved,Reviewer validated findings and measurements,13,2026-02-17T22:30:00
460,165,manager,completed,approved,Manager closed the inspection successfully,14,2026-02-17T23:30:00
461,166,supervisor,reviewer,approved,Supervisor reviewed inspection package,12,2026-02-18T09:30:00
462,166,reviewer,manager,approved,Reviewer validated findings and measurements,13,2026-02-18T10:30:00
463,166,manager,completed,approved,Manager closed the inspection successfully,14,2026-02-18T11:30:00
464,167,supervisor,reviewer,approved,Supervisor reviewed inspection package,10,2026-02-18T21:30:00
465,167,reviewer,manager,approved,Reviewer validated findings and measurements,11,2026-02-18T22:30:00
466,167,manager,completed,approved,Manager closed the inspection successfully,14,2026-02-18T23:30:00
467,168,supervisor,reviewer,approved,Supervisor reviewed inspection package,10,2026-02-19T09:30:00
468,168,reviewer,manager,approved,Reviewer validated findings and measurements,11,2026-02-19T10:30:00
469,168,manager,completed,approved,Manager closed the inspection successfully,14,2026-02-19T11:30:00
470,169,supervisor,reviewer,approved,Supervisor reviewed inspection package,12,2026-02-19T21:30:00
471,169,reviewer,manager,approved,Reviewer validated findings and measurements,13,2026-02-19T22:30:00
472,169,manager,completed,approved,Manager closed the inspection successfully,14,2026-02-19T23:30:00
473,170,supervisor,reviewer,approved,Supervisor reviewed inspection package,12,2026-02-20T09:30:00
474,170,reviewer,manager,approved,Reviewer validated findings and measurements,13,2026-02-20T10:30:00
475,170,manager,completed,approved,Manager closed the inspection successfully,14,2026-02-20T11:30:00
476,171,supervisor,reviewer,approved,Supervisor reviewed inspection package,10,2026-02-20T21:30:00
477,171,reviewer,manager,approved,Reviewer validated findings and measurements,11,2026-02-20T22:30:00
478,171,manager,completed,approved,Manager closed the inspection successfully,14,2026-02-20T23:30:00
479,172,supervisor,reviewer,approved,Supervisor reviewed inspection package,10,2026-02-21T09:30:00
480,172,reviewer,manager,approved,Reviewer validated findings and measurements,11,2026-02-21T10:30:00
481,172,manager,completed,approved,Manager closed the inspection successfully,14,2026-02-21T11:30:00
482,173,supervisor,reviewer,approved,Supervisor reviewed inspection package,12,2026-02-21T21:30:00
483,173,reviewer,manager,approved,Reviewer validated findings and measurements,13,2026-02-21T22:30:00
484,173,manager,completed,approved,Manager closed the inspection successfully,14,2026-02-21T23:30:00
485,174,supervisor,reviewer,approved,Supervisor reviewed inspection package,12,2026-02-22T09:30:00
486,174,reviewer,manager,approved,Reviewer validated findings and measurements,13,2026-02-22T10:30:00
487,174,manager,completed,approved,Manager closed the inspection successfully,14,2026-02-22T11:30:00
488,175,supervisor,reviewer,approved,Supervisor reviewed inspection package,10,2026-02-22T21:30:00
489,175,reviewer,manager,approved,Reviewer validated findings and measurements,11,2026-02-22T22:30:00
490,175,manager,completed,approved,Manager closed the inspection successfully,14,2026-02-22T23:30:00
491,176,supervisor,reviewer,approved,Supervisor reviewed inspection package,10,2026-02-23T09:30:00
492,176,reviewer,manager,approved,Reviewer validated findings and measurements,11,2026-02-23T10:30:00
493,176,manager,completed,approved,Manager closed the inspection successfully,14,2026-02-23T11:30:00
494,177,supervisor,reviewer,approved,Supervisor reviewed inspection package,12,2026-02-23T21:30:00
495,177,reviewer,manager,approved,Reviewer validated findings and measurements,13,2026-02-23T22:30:00
496,177,manager,completed,approved,Manager closed the inspection successfully,14,2026-02-23T23:30:00
497,178,supervisor,reviewer,approved,Supervisor reviewed inspection package,12,2026-02-24T09:30:00
498,178,reviewer,manager,approved,Reviewer validated findings and measurements,13,2026-02-24T10:30:00
499,178,manager,completed,approved,Manager closed the inspection successfully,14,2026-02-24T11:30:00
500,179,supervisor,reviewer,approved,Supervisor reviewed inspection package,10,2026-02-24T21:30:00
501,179,reviewer,manager,approved,Reviewer validated findings and measurements,11,2026-02-24T22:30:00
502,179,manager,completed,approved,Manager closed the inspection successfully,14,2026-02-24T23:30:00
503,180,supervisor,reviewer,approved,Supervisor reviewed inspection package,10,2026-02-25T09:30:00
504,180,reviewer,manager,approved,Reviewer validated findings and measurements,11,2026-02-25T10:30:00
505,180,manager,completed,approved,Manager closed the inspection successfully,14,2026-02-25T11:30:00
506,181,supervisor,reviewer,approved,Supervisor reviewed inspection package,12,2026-02-25T21:30:00
507,181,reviewer,manager,approved,Reviewer validated findings and measurements,13,2026-02-25T22:30:00
508,181,manager,completed,approved,Manager closed the inspection successfully,14,2026-02-25T23:30:00
509,182,supervisor,reviewer,approved,Supervisor reviewed inspection package,12,2026-02-26T09:30:00
510,182,reviewer,manager,approved,Reviewer validated findings and measurements,13,2026-02-26T10:30:00
511,182,manager,completed,approved,Manager closed the inspection successfully,14,2026-02-26T11:30:00
512,183,supervisor,reviewer,approved,Supervisor reviewed inspection package,10,2026-02-26T21:30:00
513,183,reviewer,manager,approved,Reviewer validated findings and measurements,11,2026-02-26T22:30:00
514,183,manager,completed,approved,Manager closed the inspection successfully,14,2026-02-26T23:30:00
515,184,supervisor,reviewer,approved,Supervisor reviewed inspection package,10,2026-02-27T09:30:00
516,184,reviewer,manager,approved,Reviewer validated findings and measurements,11,2026-02-27T10:30:00
517,184,manager,completed,approved,Manager closed the inspection successfully,14,2026-02-27T11:30:00
518,185,supervisor,reviewer,approved,Supervisor reviewed inspection package,12,2026-02-27T21:30:00
519,185,reviewer,manager,approved,Reviewer validated findings and measurements,13,2026-02-27T22:30:00
520,185,manager,completed,approved,Manager closed the inspection successfully,14,2026-02-27T23:30:00
521,186,supervisor,reviewer,approved,Supervisor reviewed inspection package,12,2026-02-28T09:30:00
522,186,reviewer,manager,approved,Reviewer validated findings and measurements,13,2026-02-28T10:30:00
523,186,manager,completed,approved,Manager closed the inspection successfully,14,2026-02-28T11:30:00
524,187,supervisor,reviewer,approved,Supervisor reviewed inspection package,10,2026-02-28T21:30:00
525,187,reviewer,manager,approved,Reviewer validated findings and measurements,11,2026-02-28T22:30:00
526,187,manager,completed,approved,Manager closed the inspection successfully,14,2026-02-28T23:30:00
527,188,supervisor,reviewer,approved,Supervisor reviewed inspection package,10,2026-03-01T09:30:00
528,188,reviewer,manager,approved,Reviewer validated findings and measurements,11,2026-03-01T10:30:00
529,188,manager,completed,approved,Manager closed the inspection successfully,14,2026-03-01T11:30:00
530,189,supervisor,reviewer,approved,Supervisor reviewed inspection package,12,2026-03-01T21:30:00
531,189,reviewer,manager,approved,Reviewer validated findings and measurements,13,2026-03-01T22:30:00
532,189,manager,completed,approved,Manager closed the inspection successfully,14,2026-03-01T23:30:00
533,190,supervisor,reviewer,approved,Supervisor reviewed inspection package,12,2026-03-02T09:30:00
534,190,reviewer,manager,approved,Reviewer validated findings and measurements,13,2026-03-02T10:30:00
535,190,manager,completed,approved,Manager closed the inspection successfully,14,2026-03-02T11:30:00
536,191,supervisor,reviewer,approved,Supervisor reviewed inspection package,10,2026-03-02T21:30:00
537,191,reviewer,manager,approved,Reviewer validated findings and measurements,11,2026-03-02T22:30:00
538,191,manager,completed,approved,Manager closed the inspection successfully,14,2026-03-02T23:30:00
539,192,supervisor,reviewer,approved,Supervisor reviewed inspection package,10,2026-03-03T09:30:00
540,192,reviewer,manager,approved,Reviewer validated findings and measurements,11,2026-03-03T10:30:00
541,192,manager,completed,approved,Manager closed the inspection successfully,14,2026-03-03T11:30:00
542,193,supervisor,reviewer,approved,Supervisor reviewed inspection package,12,2026-03-03T21:30:00
543,193,reviewer,manager,approved,Reviewer validated findings and measurements,13,2026-03-03T22:30:00
544,193,manager,completed,approved,Manager closed the inspection successfully,14,2026-03-03T23:30:00
545,194,supervisor,reviewer,approved,Supervisor reviewed inspection package,12,2026-03-04T09:30:00
546,194,reviewer,manager,approved,Reviewer validated findings and measurements,13,2026-03-04T10:30:00
547,194,manager,completed,approved,Manager closed the inspection successfully,14,2026-03-04T11:30:00
548,195,supervisor,reviewer,approved,Supervisor reviewed inspection package,10,2026-03-04T21:30:00
549,195,reviewer,manager,approved,Reviewer validated findings and measurements,11,2026-03-04T22:30:00
550,195,manager,completed,approved,Manager closed the inspection successfully,14,2026-03-04T23:30:00
551,196,supervisor,reviewer,approved,Supervisor reviewed inspection package,10,2026-03-05T09:30:00
552,196,reviewer,manager,approved,Reviewer validated findings and measurements,11,2026-03-05T10:30:00
553,196,manager,completed,approved,Manager closed the inspection successfully,14,2026-03-05T11:30:00
554,197,supervisor,reviewer,approved,Supervisor reviewed inspection package,12,2026-03-05T21:30:00
555,197,reviewer,manager,approved,Reviewer validated findings and measurements,13,2026-03-05T22:30:00
556,197,manager,completed,approved,Manager closed the inspection successfully,14,2026-03-05T23:30:00
557,198,supervisor,reviewer,approved,Supervisor reviewed inspection package,12,2026-03-06T09:30:00
558,198,reviewer,manager,approved,Reviewer validated findings and measurements,13,2026-03-06T10:30:00
559,198,manager,completed,approved,Manager closed the inspection successfully,14,2026-03-06T11:30:00
560,199,supervisor,reviewer,approved,Supervisor reviewed inspection package,10,2026-03-06T21:30:00
561,199,reviewer,manager,approved,Reviewer validated findings and measurements,11,2026-03-06T22:30:00
562,199,manager,completed,approved,Manager closed the inspection successfully,14,2026-03-06T23:30:00
563,200,supervisor,creator,rejected,Supervisor reviewed inspection package,10,2026-03-07T09:30:00
564,201,supervisor,reviewer,approved,Supervisor reviewed inspection package,12,2026-03-07T21:30:00
565,201,reviewer,manager,approved,Reviewer validated findings and measurements,13,2026-03-07T22:30:00
566,201,manager,completed,approved,Manager closed the inspection successfully,14,2026-03-07T23:30:00
567,202,supervisor,reviewer,approved,Supervisor reviewed inspection package,12,2026-03-08T09:30:00
568,202,reviewer,manager,approved,Reviewer validated findings and measurements,13,2026-03-08T10:30:00
569,202,manager,completed,approved,Manager closed the inspection successfully,14,2026-03-08T11:30:00
570,203,supervisor,reviewer,approved,Supervisor reviewed inspection package,10,2026-03-08T21:30:00
571,203,reviewer,manager,approved,Reviewer validated findings and measurements,11,2026-03-08T22:30:00
572,203,manager,completed,approved,Manager closed the inspection successfully,14,2026-03-08T23:30:00
573,204,supervisor,creator,rejected,Supervisor reviewed inspection package,10,2026-03-09T09:30:00
574,205,supervisor,reviewer,approved,Supervisor reviewed inspection package,12,2026-03-09T21:30:00
575,205,reviewer,manager,approved,Reviewer validated findings and measurements,13,2026-03-09T22:30:00
576,205,manager,completed,approved,Manager closed the inspection successfully,14,2026-03-09T23:30:00
577,206,supervisor,reviewer,approved,Supervisor reviewed inspection package,12,2026-03-10T09:30:00
578,206,reviewer,manager,approved,Reviewer validated findings and measurements,13,2026-03-10T10:30:00
579,206,manager,completed,approved,Manager closed the inspection successfully,14,2026-03-10T11:30:00
580,207,supervisor,creator,rejected,Supervisor reviewed inspection package,10,2026-03-10T21:30:00
581,208,supervisor,reviewer,approved,Supervisor reviewed inspection package,10,2026-03-11T09:30:00
582,208,reviewer,manager,approved,Reviewer validated findings and measurements,11,2026-03-11T10:30:00
583,208,manager,completed,approved,Manager closed the inspection successfully,14,2026-03-11T11:30:00
584,209,supervisor,reviewer,approved,Supervisor reviewed inspection package,12,2026-03-11T21:30:00
585,209,reviewer,manager,approved,Reviewer validated findings and measurements,13,2026-03-11T22:30:00
586,209,manager,completed,approved,Manager closed the inspection successfully,14,2026-03-11T23:30:00
587,210,supervisor,reviewer,approved,Supervisor reviewed inspection package,12,2026-03-12T09:30:00
588,210,reviewer,manager,approved,Reviewer validated findings and measurements,13,2026-03-12T10:30:00
589,210,manager,completed,approved,Manager closed the inspection successfully,14,2026-03-12T11:30:00
590,211,supervisor,reviewer,approved,Supervisor reviewed inspection package,10,2026-03-12T21:30:00
591,211,reviewer,manager,approved,Reviewer validated findings and measurements,11,2026-03-12T22:30:00
592,211,manager,completed,approved,Manager closed the inspection successfully,14,2026-03-12T23:30:00
593,212,supervisor,reviewer,approved,Supervisor reviewed inspection package,10,2026-03-13T09:30:00
594,212,reviewer,manager,approved,Reviewer validated findings and measurements,11,2026-03-13T10:30:00
595,212,manager,completed,approved,Manager closed the inspection successfully,14,2026-03-13T11:30:00
596,213,supervisor,reviewer,approved,Supervisor reviewed inspection package,12,2026-03-13T21:30:00
597,213,reviewer,manager,approved,Reviewer validated findings and measurements,13,2026-03-13T22:30:00
598,213,manager,completed,approved,Manager closed the inspection successfully,14,2026-03-13T23:30:00
599,214,supervisor,reviewer,approved,Supervisor reviewed inspection package,12,2026-03-14T09:30:00
600,214,reviewer,manager,approved,Reviewer validated findings and measurements,13,2026-03-14T10:30:00
601,214,manager,completed,approved,Manager closed the inspection successfully,14,2026-03-14T11:30:00
602,215,supervisor,reviewer,approved,Supervisor reviewed inspection package,10,2026-03-14T21:30:00
603,215,reviewer,manager,approved,Reviewer validated findings and measurements,11,2026-03-14T22:30:00
604,215,manager,completed,approved,Manager closed the inspection successfully,14,2026-03-14T23:30:00
605,216,supervisor,reviewer,approved,Supervisor reviewed inspection package,10,2026-03-15T09:30:00
606,216,reviewer,manager,approved,Reviewer validated findings and measurements,11,2026-03-15T10:30:00
607,216,manager,completed,approved,Manager closed the inspection successfully,14,2026-03-15T11:30:00
608,217,supervisor,reviewer,approved,Supervisor reviewed inspection package,12,2026-03-15T21:30:00
609,217,reviewer,manager,approved,Reviewer validated findings and measurements,13,2026-03-15T22:30:00
610,217,manager,completed,approved,Manager closed the inspection successfully,14,2026-03-15T23:30:00
611,218,supervisor,reviewer,approved,Supervisor reviewed inspection package,12,2026-03-16T09:30:00
612,218,reviewer,manager,approved,Reviewer validated findings and measurements,13,2026-03-16T10:30:00
613,218,manager,completed,approved,Manager closed the inspection successfully,14,2026-03-16T11:30:00
614,219,supervisor,reviewer,approved,Supervisor reviewed inspection package,10,2026-03-16T21:30:00
615,219,reviewer,manager,approved,Reviewer validated findings and measurements,11,2026-03-16T22:30:00
616,219,manager,completed,approved,Manager closed the inspection successfully,14,2026-03-16T23:30:00
617,220,supervisor,reviewer,approved,Supervisor reviewed inspection package,10,2026-03-17T09:30:00
618,220,reviewer,manager,approved,Reviewer validated findings and measurements,11,2026-03-17T10:30:00
619,220,manager,completed,approved,Manager closed the inspection successfully,14,2026-03-17T11:30:00
620,221,supervisor,reviewer,approved,Supervisor reviewed inspection package,12,2026-03-17T21:30:00
621,221,reviewer,manager,approved,Reviewer validated findings and measurements,13,2026-03-17T22:30:00
622,221,manager,completed,approved,Manager closed the inspection successfully,14,2026-03-17T23:30:00
623,222,supervisor,reviewer,approved,Supervisor reviewed inspection package,12,2026-03-18T09:30:00
624,222,reviewer,manager,approved,Reviewer validated findings and measurements,13,2026-03-18T10:30:00
625,222,manager,completed,approved,Manager closed the inspection successfully,14,2026-03-18T11:30:00
626,223,supervisor,creator,rejected,Supervisor reviewed inspection package,10,2026-03-18T21:30:00
627,224,supervisor,reviewer,approved,Supervisor reviewed inspection package,10,2026-03-19T09:30:00
628,224,reviewer,manager,approved,Reviewer validated findings and measurements,11,2026-03-19T10:30:00
629,224,manager,completed,approved,Manager closed the inspection successfully,14,2026-03-19T11:30:00
630,225,supervisor,reviewer,approved,Supervisor reviewed inspection package,12,2026-03-19T21:30:00
631,225,reviewer,manager,approved,Reviewer validated findings and measurements,13,2026-03-19T22:30:00
632,225,manager,completed,approved,Manager closed the inspection successfully,14,2026-03-19T23:30:00
633,226,supervisor,creator,rejected,Supervisor reviewed inspection package,12,2026-03-20T09:30:00
634,227,supervisor,reviewer,approved,Supervisor reviewed inspection package,10,2026-03-20T21:30:00
635,227,reviewer,manager,approved,Reviewer validated findings and measurements,11,2026-03-20T22:30:00
636,227,manager,completed,approved,Manager closed the inspection successfully,14,2026-03-20T23:30:00
637,228,supervisor,reviewer,approved,Supervisor reviewed inspection package,10,2026-03-21T09:30:00
638,228,reviewer,manager,approved,Reviewer validated findings and measurements,11,2026-03-21T10:30:00
639,228,manager,completed,approved,Manager closed the inspection successfully,14,2026-03-21T11:30:00
640,229,supervisor,reviewer,approved,Supervisor reviewed inspection package,12,2026-03-21T21:30:00
641,229,reviewer,manager,approved,Reviewer validated findings and measurements,13,2026-03-21T22:30:00
642,229,manager,completed,approved,Manager closed the inspection successfully,14,2026-03-21T23:30:00
643,230,supervisor,reviewer,approved,Supervisor reviewed inspection package,12,2026-03-22T09:30:00
644,230,reviewer,manager,approved,Reviewer validated findings and measurements,13,2026-03-22T10:30:00
645,230,manager,completed,approved,Manager closed the inspection successfully,14,2026-03-22T11:30:00
646,231,supervisor,reviewer,approved,Supervisor reviewed inspection package,10,2026-03-22T21:30:00
647,231,reviewer,manager,approved,Reviewer validated findings and measurements,11,2026-03-22T22:30:00
648,231,manager,completed,approved,Manager closed the inspection successfully,14,2026-03-22T23:30:00
649,232,supervisor,reviewer,approved,Supervisor reviewed inspection package,10,2026-03-23T09:30:00
650,232,reviewer,manager,approved,Reviewer validated findings and measurements,11,2026-03-23T10:30:00
651,232,manager,completed,approved,Manager closed the inspection successfully,14,2026-03-23T11:30:00
652,233,supervisor,reviewer,approved,Supervisor reviewed inspection package,12,2026-03-23T21:30:00
653,233,reviewer,manager,approved,Reviewer validated findings and measurements,13,2026-03-23T22:30:00
654,233,manager,completed,approved,Manager closed the inspection successfully,14,2026-03-23T23:30:00
655,234,supervisor,reviewer,approved,Supervisor reviewed inspection package,12,2026-03-24T09:30:00
656,234,reviewer,manager,approved,Reviewer validated findings and measurements,13,2026-03-24T10:30:00
657,234,manager,completed,approved,Manager closed the inspection successfully,14,2026-03-24T11:30:00
658,235,supervisor,creator,rejected,Supervisor reviewed inspection package,10,2026-03-24T21:30:00
659,236,supervisor,reviewer,approved,Supervisor reviewed inspection package,10,2026-03-25T09:30:00
660,236,reviewer,manager,approved,Reviewer validated findings and measurements,11,2026-03-25T10:30:00
661,236,manager,completed,approved,Manager closed the inspection successfully,14,2026-03-25T11:30:00
662,237,supervisor,reviewer,approved,Supervisor reviewed inspection package,12,2026-03-25T21:30:00
663,237,reviewer,manager,approved,Reviewer validated findings and measurements,13,2026-03-25T22:30:00
664,237,manager,completed,approved,Manager closed the inspection successfully,14,2026-03-25T23:30:00
665,238,supervisor,reviewer,approved,Supervisor reviewed inspection package,12,2026-03-26T09:30:00
666,238,reviewer,manager,approved,Reviewer validated findings and measurements,13,2026-03-26T10:30:00
667,238,manager,completed,approved,Manager closed the inspection successfully,14,2026-03-26T11:30:00
668,239,supervisor,reviewer,approved,Supervisor reviewed inspection package,10,2026-03-26T21:30:00
669,239,reviewer,manager,approved,Reviewer validated findings and measurements,11,2026-03-26T22:30:00
670,239,manager,completed,approved,Manager closed the inspection successfully,14,2026-03-26T23:30:00
671,240,supervisor,reviewer,approved,Supervisor reviewed inspection package,10,2026-03-27T09:30:00
672,240,reviewer,manager,approved,Reviewer validated findings and measurements,11,2026-03-27T10:30:00
673,240,manager,completed,approved,Manager closed the inspection successfully,14,2026-03-27T11:30:00
674,241,supervisor,reviewer,approved,Supervisor reviewed inspection package,12,2026-03-27T21:30:00
675,241,reviewer,manager,approved,Reviewer validated findings and measurements,13,2026-03-27T22:30:00
676,241,manager,completed,approved,Manager closed the inspection successfully,14,2026-03-27T23:30:00
677,242,supervisor,reviewer,approved,Supervisor reviewed inspection package,12,2026-03-28T09:30:00
678,242,reviewer,manager,approved,Reviewer validated findings and measurements,13,2026-03-28T10:30:00
679,243,supervisor,reviewer,approved,Supervisor reviewed inspection package,10,2026-03-28T21:30:00
680,243,reviewer,manager,approved,Reviewer validated findings and measurements,11,2026-03-28T22:30:00
681,243,manager,completed,approved,Manager closed the inspection successfully,14,2026-03-28T23:30:00
682,245,supervisor,reviewer,approved,Supervisor reviewed inspection package,12,2026-03-29T21:30:00
